['2,4-D Amine 4 Albough', '2,4-D Amine 4 WinField', 'Aatrex  4L', 'Aatrex Nin-O', 'Aim EC Herbicide', 'Balan DF', 'Basagran', 'Bicyclopyrone + Bromoxynil', 'Command 3ME', 'Pre-San Granular', 'Prefar 4-E']
INSERT INTO SprayData (sprayName,plantName,safe) values ('2,4-D Amine 4 Albough','Fall Oat',True),
('2,4-D Amine 4 Albough','Field Corn',True),
('2,4-D Amine 4 Albough','Orchard grass',True),
('2,4-D Amine 4 Albough','Popcorn',True),
('2,4-D Amine 4 Albough','Rye',True),
('2,4-D Amine 4 Albough','Soybean',True),
('2,4-D Amine 4 Albough','Spring wheat',True),
('2,4-D Amine 4 Albough','Sugar Crane',True),
('2,4-D Amine 4 Albough','Timothy',True),
('2,4-D Amine 4 Albough','Wild Rice',True),
('2,4-D Amine 4 Albough','Winter Oats',True),
('2,4-D Amine 4 Albough','Bentgrass',True),
('2,4-D Amine 4 Albough','Canal',True),
('2,4-D Amine 4 Albough','Cottonwood',True),
('2,4-D Amine 4 Albough','Duram Wheat',True),
('2,4-D Amine 4 Albough','Fall Wheat',True),
('2,4-D Amine 4 Albough','Fine Fescue',True),
('2,4-D Amine 4 Albough','Grain Sorghum',True),
('2,4-D Amine 4 Albough','Hop',True),
('2,4-D Amine 4 Albough','Millet',True),
('2,4-D Amine 4 Albough','Pasture',True),
('2,4-D Amine 4 Albough','Poplar',True),
('2,4-D Amine 4 Albough','Rice',True),
('2,4-D Amine 4 Albough','Ryegrass',True),
('2,4-D Amine 4 Albough','Spring Barely',True),
('2,4-D Amine 4 Albough','Straw Berry',True),
('2,4-D Amine 4 Albough','Sweet Corn',True),
('2,4-D Amine 4 Albough','Tirticale',True),
('2,4-D Amine 4 Albough','Willow Tree',True),
('2,4-D Amine 4 Albough','Winter Wheat',True),
('2,4-D Amine 4 Albough','Bermudagrass',True),
('2,4-D Amine 4 Albough','Christmas Tree',True),
('2,4-D Amine 4 Albough','Ditch Bank',True),
('2,4-D Amine 4 Albough','Fall Barley',True),
('2,4-D Amine 4 Albough','Fallow',True),
('2,4-D Amine 4 Albough','Sorghum',True),
('2,4-D Amine 4 Albough','Spring Oats',True),
('2,4-D Amine 4 Albough','Sudan Grass',True),
('2,4-D Amine 4 Albough','Tall Fescue',True),
('2,4-D Amine 4 Albough','Turfgrass',True),
('2,4-D Amine 4 Albough','Winter Barley',True),
('2,4-D Amine 4 WinField','Fall Oat',True),
('2,4-D Amine 4 WinField','Field Corn',True),
('2,4-D Amine 4 WinField','Orchard grass',True),
('2,4-D Amine 4 WinField','Popcorn',True),
('2,4-D Amine 4 WinField','Rye',True),
('2,4-D Amine 4 WinField','Soybean',True),
('2,4-D Amine 4 WinField','Spring wheat',True),
('2,4-D Amine 4 WinField','Sugar Crane',True),
('2,4-D Amine 4 WinField','Timothy',True),
('2,4-D Amine 4 WinField','Wild Rice',True),
('2,4-D Amine 4 WinField','Winter Oats',True),
('2,4-D Amine 4 WinField','Bentgrass',True),
('2,4-D Amine 4 WinField','Canal',True),
('2,4-D Amine 4 WinField','Cottonwood',True),
('2,4-D Amine 4 WinField','Duram Wheat',True),
('2,4-D Amine 4 WinField','Fall Wheat',True),
('2,4-D Amine 4 WinField','Fine Fescue',True),
('2,4-D Amine 4 WinField','Grain Sorghum',True),
('2,4-D Amine 4 WinField','Hop',True),
('2,4-D Amine 4 WinField','Millet',True),
('2,4-D Amine 4 WinField','Pasture',True),
('2,4-D Amine 4 WinField','Poplar',True),
('2,4-D Amine 4 WinField','Rice',True),
('2,4-D Amine 4 WinField','Ryegrass',True),
('2,4-D Amine 4 WinField','Spring Barely',True),
('2,4-D Amine 4 WinField','Straw Berry',True),
('2,4-D Amine 4 WinField','Sweet Corn',True),
('2,4-D Amine 4 WinField','Tirticale',True),
('2,4-D Amine 4 WinField','Willow Tree',True),
('2,4-D Amine 4 WinField','Winter Wheat',True),
('2,4-D Amine 4 WinField','Bermudagrass',True),
('2,4-D Amine 4 WinField','Christmas Tree',True),
('2,4-D Amine 4 WinField','Ditch Bank',True),
('2,4-D Amine 4 WinField','Fall Barley',True),
('2,4-D Amine 4 WinField','Fallow',True),
('2,4-D Amine 4 WinField','Sorghum',True),
('2,4-D Amine 4 WinField','Spring Oats',True),
('2,4-D Amine 4 WinField','Sudan Grass',True),
('2,4-D Amine 4 WinField','Tall Fescue',True),
('2,4-D Amine 4 WinField','Turfgrass',True),
('2,4-D Amine 4 WinField','Winter Barley',True);
INSERT INTO SprayData (sprayName,plantName,safe) values ('Aatrex  4L','Blue spruce',True),
('Aatrex  4L','Centipedegrass',True),
('Aatrex  4L','Conifer',True),
('Aatrex  4L','Douglas fir',True),
('Aatrex  4L','Durum wheat',True),
('Aatrex  4L','Fallow',True),
('Aatrex  4L','Grand fir',True),
('Aatrex  4L','Guava',True),
('Aatrex  4L','Jeffrey pine',True),
('Aatrex  4L','Knobcone pine',True),
('Aatrex  4L','Loblolly pine',True),
('Aatrex  4L','Lodgepole pine',True),
('Aatrex  4L','Macadamia nut',True),
('Aatrex  4L','Monterey pine',True),
('Aatrex  4L','Noble fir',True),
('Aatrex  4L','Ponderosa pine',True),
('Aatrex  4L','Popcorn',True),
('Aatrex  4L','Roadside',True),
('Aatrex  4L','Scotch pine',True),
('Aatrex  4L','Shore pine',True),
('Aatrex  4L','Sitka spruce',True),
('Aatrex  4L','Slash pine',True),
('Aatrex  4L','Sorghum',True),
('Aatrex  4L','Sorghum x Sudan hybrid',True),
('Aatrex  4L','Spring wheat',True),
('Aatrex  4L','St. Augustine grass',True),
('Aatrex  4L','Sugar cane',True),
('Aatrex  4L','Turfgrass',True),
('Aatrex  4L','White fir',True),
('Aatrex  4L','White pine',True),
('Aatrex  4L','Zoysia grass',True),
('Aatrex Nin-O','Blue spruce',True),
('Aatrex Nin-O','Centipedegrass',True),
('Aatrex Nin-O','Conifer',True),
('Aatrex Nin-O','Douglas fir',True),
('Aatrex Nin-O','Durum wheat',True),
('Aatrex Nin-O','Fallow',True),
('Aatrex Nin-O','Grand fir',True),
('Aatrex Nin-O','Guava',True),
('Aatrex Nin-O','Jeffrey pine',True),
('Aatrex Nin-O','Knobcone pine',True),
('Aatrex Nin-O','Loblolly pine',True),
('Aatrex Nin-O','Lodgepole pine',True),
('Aatrex Nin-O','Macadamia nut',True),
('Aatrex Nin-O','Monterey pine',True),
('Aatrex Nin-O','Noble fir',True),
('Aatrex Nin-O','Ponderosa pine',True),
('Aatrex Nin-O','Popcorn',True),
('Aatrex Nin-O','Roadside',True),
('Aatrex Nin-O','Scotch pine',True),
('Aatrex Nin-O','Shore pine',True),
('Aatrex Nin-O','Sitka spruce',True),
('Aatrex Nin-O','Slash pine',True),
('Aatrex Nin-O','Sorghum',True),
('Aatrex Nin-O','Sorghum x Sudan hybrid',True),
('Aatrex Nin-O','Spring wheat',True),
('Aatrex Nin-O','St. Augustine grass',True),
('Aatrex Nin-O','Sugar cane',True),
('Aatrex Nin-O','Turfgrass',True),
('Aatrex Nin-O','White fir',True),
('Aatrex Nin-O','White pine',True),
('Aatrex Nin-O','Zoysia grass',True);
INSERT INTO SprayData (sprayName,plantName,safe) values ('Prefar 4-E','Balsam apple',True),
('Prefar 4-E','Balsam pear',True),
('Prefar 4-E','Bell pepper',True),
('Prefar 4-E','Bibb lettuce',True),
('Prefar 4-E','Bitter melon',True),
('Prefar 4-E','Broccoflower',True),
('Prefar 4-E','Broccoli',True),
('Prefar 4-E','Broccoli raab',True),
('Prefar 4-E','Broccolini',True),
('Prefar 4-E','Brussels sprouts',True),
('Prefar 4-E','Butterhead lettuce',True),
('Prefar 4-E','Cabbage',True),
('Prefar 4-E','Cantaloupe',True),
('Prefar 4-E','Cardoon',True),
('Prefar 4-E','Carrot',True),
('Prefar 4-E','Casaba',True),
('Prefar 4-E','Cauliflower',True),
('Prefar 4-E','Cavalo broccolo',True),
('Prefar 4-E','Celery',True),
('Prefar 4-E','Celtuce',True),
('Prefar 4-E','Chayote fruit',True),
('Prefar 4-E','Chervil',True),
('Prefar 4-E','Chile pepper',True),
('Prefar 4-E','Chinese broccoli ',True),
('Prefar 4-E','Chinese cabbage',True),
('Prefar 4-E','Chinese celery',True),
('Prefar 4-E','Chinese cucumber',True),
('Prefar 4-E','Chinese mustard',True),
('Prefar 4-E','Chinese mustard cabbage ',True),
('Prefar 4-E','Chinese spinach ',True),
('Prefar 4-E','Chinese waxgourd ',True),
('Prefar 4-E','Citron melon',True),
('Prefar 4-E','Collards',True),
('Prefar 4-E','Corn salad',True),
('Prefar 4-E','Crenshaw melon',True),
('Prefar 4-E','Cucumber',True),
('Prefar 4-E','Dandelion',True),
('Prefar 4-E','Dock',True),
('Prefar 4-E','Edible gourd',True),
('Prefar 4-E','Edible-leaved chrysanthemum',True),
('Prefar 4-E','Eggplant',True),
('Prefar 4-E','Endive',True),
('Prefar 4-E','Escarole',True),
('Prefar 4-E','Florence fennel',True),
('Prefar 4-E','Garden cress',True),
('Prefar 4-E','Garden purslane',True),
('Prefar 4-E','Garland chrysanthemum',True),
('Prefar 4-E','Garlic',True),
('Prefar 4-E','Gherkin',True),
('Prefar 4-E','Head lettuce',True),
('Prefar 4-E','Honey balls',True),
('Prefar 4-E','Honeydew melon',True),
('Prefar 4-E','Kale',True),
('Prefar 4-E','Kohlrabi',True),
('Prefar 4-E','Leaf lettuce',True),
('Prefar 4-E','Leafy amaranth',True),
('Prefar 4-E','Mango melon',True),
('Prefar 4-E','Melon',True),
('Prefar 4-E','Mizuna',True),
('Prefar 4-E','Muskmelon',True),
('Prefar 4-E','Mustard greens',True),
('Prefar 4-E','Mustard spinach',True),
('Prefar 4-E','New Zealand spinach',True),
('Prefar 4-E','Non-bell pepper',True),
('Prefar 4-E','Onion bulb',True),
('Prefar 4-E','Orach',True),
('Prefar 4-E','Parsley',True),
('Prefar 4-E','Pepino',True),
('Prefar 4-E','Persian melon',True),
('Prefar 4-E','Pimento',True),
('Prefar 4-E','Pumpkin',True),
('Prefar 4-E','Radicchio ',True),
('Prefar 4-E','Rape greens',True),
('Prefar 4-E','Rapini ',True),
('Prefar 4-E','Rhubarb',True),
('Prefar 4-E','Romaine lettuce',True),
('Prefar 4-E','Shallot bulb',True),
('Prefar 4-E','Spanish onion',True),
('Prefar 4-E','Spinach',True),
('Prefar 4-E','Summer squash',True),
('Prefar 4-E','Swiss chard',True),
('Prefar 4-E','Tampala ',True),
('Prefar 4-E','Tomatillo',True),
('Prefar 4-E','Upland cress',True),
('Prefar 4-E','Vine spinach',True),
('Prefar 4-E','Watermelon',True),
('Prefar 4-E','Winter purslane',True),
('Prefar 4-E','Winter squash',True),
('Pre-San Granular','Balsam apple',True),
('Pre-San Granular','Balsam pear',True),
('Pre-San Granular','Bell pepper',True),
('Pre-San Granular','Bibb lettuce',True),
('Pre-San Granular','Bitter melon',True),
('Pre-San Granular','Broccoflower',True),
('Pre-San Granular','Broccoli',True),
('Pre-San Granular','Broccoli raab',True),
('Pre-San Granular','Broccolini',True),
('Pre-San Granular','Brussels sprouts',True),
('Pre-San Granular','Butterhead lettuce',True),
('Pre-San Granular','Cabbage',True),
('Pre-San Granular','Cantaloupe',True),
('Pre-San Granular','Cardoon',True),
('Pre-San Granular','Carrot',True),
('Pre-San Granular','Casaba',True),
('Pre-San Granular','Cauliflower',True),
('Pre-San Granular','Cavalo broccolo',True),
('Pre-San Granular','Celery',True),
('Pre-San Granular','Celtuce',True),
('Pre-San Granular','Chayote fruit',True),
('Pre-San Granular','Chervil',True),
('Pre-San Granular','Chile pepper',True),
('Pre-San Granular','Chinese broccoli ',True),
('Pre-San Granular','Chinese cabbage',True),
('Pre-San Granular','Chinese celery',True),
('Pre-San Granular','Chinese cucumber',True),
('Pre-San Granular','Chinese mustard',True),
('Pre-San Granular','Chinese mustard cabbage ',True),
('Pre-San Granular','Chinese spinach ',True),
('Pre-San Granular','Chinese waxgourd ',True),
('Pre-San Granular','Citron melon',True),
('Pre-San Granular','Collards',True),
('Pre-San Granular','Corn salad',True),
('Pre-San Granular','Crenshaw melon',True),
('Pre-San Granular','Cucumber',True),
('Pre-San Granular','Dandelion',True),
('Pre-San Granular','Dock',True),
('Pre-San Granular','Edible gourd',True),
('Pre-San Granular','Edible-leaved chrysanthemum',True),
('Pre-San Granular','Eggplant',True),
('Pre-San Granular','Endive',True),
('Pre-San Granular','Escarole',True),
('Pre-San Granular','Florence fennel',True),
('Pre-San Granular','Garden cress',True),
('Pre-San Granular','Garden purslane',True),
('Pre-San Granular','Garland chrysanthemum',True),
('Pre-San Granular','Garlic',True),
('Pre-San Granular','Gherkin',True),
('Pre-San Granular','Head lettuce',True),
('Pre-San Granular','Honey balls',True),
('Pre-San Granular','Honeydew melon',True),
('Pre-San Granular','Kale',True),
('Pre-San Granular','Kohlrabi',True),
('Pre-San Granular','Leaf lettuce',True),
('Pre-San Granular','Leafy amaranth',True),
('Pre-San Granular','Mango melon',True),
('Pre-San Granular','Melon',True),
('Pre-San Granular','Mizuna',True),
('Pre-San Granular','Muskmelon',True),
('Pre-San Granular','Mustard greens',True),
('Pre-San Granular','Mustard spinach',True),
('Pre-San Granular','New Zealand spinach',True),
('Pre-San Granular','Non-bell pepper',True),
('Pre-San Granular','Onion bulb',True),
('Pre-San Granular','Orach',True),
('Pre-San Granular','Parsley',True),
('Pre-San Granular','Pepino',True),
('Pre-San Granular','Persian melon',True),
('Pre-San Granular','Pimento',True),
('Pre-San Granular','Pumpkin',True),
('Pre-San Granular','Radicchio ',True),
('Pre-San Granular','Rape greens',True),
('Pre-San Granular','Rapini ',True),
('Pre-San Granular','Rhubarb',True),
('Pre-San Granular','Romaine lettuce',True),
('Pre-San Granular','Shallot bulb',True),
('Pre-San Granular','Spanish onion',True),
('Pre-San Granular','Spinach',True),
('Pre-San Granular','Summer squash',True),
('Pre-San Granular','Swiss chard',True),
('Pre-San Granular','Tampala ',True),
('Pre-San Granular','Tomatillo',True),
('Pre-San Granular','Upland cress',True),
('Pre-San Granular','Vine spinach',True),
('Pre-San Granular','Watermelon',True),
('Pre-San Granular','Winter purslane',True),
('Pre-San Granular','Winter squash',True);
INSERT INTO SprayData (sprayName,plantName,safe) values ('Basagran','Garden pea',True),
('Basagran','Green bean',True),
('Basagran','Green pea',True),
('Basagran','Lima bean dried',True),
('Basagran','Lima bean succulent',True),
('Basagran','Pea dried',True),
('Basagran','Peanut',True),
('Basagran','Peppermint',True),
('Basagran','Popcorn',True),
('Basagran','Processing pea',True),
('Basagran','Rice',True),
('Basagran','Sorghum',True),
('Basagran','Soybean',True),
('Basagran','Spanish peanut',True),
('Basagran','Spearmint',True);
INSERT INTO SprayData (sprayName,plantName,safe) values ('Balan DF','Alsike clover',True),
('Balan DF','Bibb lettuce',True),
('Balan DF','Bird’s-foot trefoil',True),
('Balan DF','Butterhead lettuce',True),
('Balan DF','Head lettuce',True),
('Balan DF','Ladino clover',True),
('Balan DF','Leaf lettuce',True),
('Balan DF','Red clover',True),
('Balan DF','Romaine lettuce',True);
INSERT INTO SprayData (sprayName,plantName,safe) values ('Bicyclopyrone + Bromoxynil','Spring wheat',True);
INSERT INTO SprayData (sprayName,plantName,safe) values ('Aim EC Herbicide','Alfalfa',True),
('Aim EC Herbicide','Alfalfa seed',True),
('Aim EC Herbicide','Allspice',True),
('Aim EC Herbicide','Almond',True),
('Aim EC Herbicide','Aloe vera',True),
('Aim EC Herbicide','Alsike clover',True),
('Aim EC Herbicide','Amaranth',True),
('Aim EC Herbicide','Amur river grape',True),
('Aim EC Herbicide','Angelica',True),
('Aim EC Herbicide','Annatto seed',True),
('Aim EC Herbicide','Apple',True),
('Aim EC Herbicide','Apricot',True),
('Aim EC Herbicide','Aronia berry',True),
('Aim EC Herbicide','Arracacha',True),
('Aim EC Herbicide','Arrowleaf clover',True),
('Aim EC Herbicide','Arrowroot',True),
('Aim EC Herbicide','Arugula',True),
('Aim EC Herbicide','Asian pear',True),
('Aim EC Herbicide','Asparagus',True),
('Aim EC Herbicide','Asparagus bean',True),
('Aim EC Herbicide','Atemoya',True),
('Aim EC Herbicide','Avocado',True),
('Aim EC Herbicide','Azarole',True),
('Aim EC Herbicide','Bahiagrass',True),
('Aim EC Herbicide','Balsam apple',True),
('Aim EC Herbicide','Balsam pear',True),
('Aim EC Herbicide','Banana',True),
('Aim EC Herbicide','Basil',True),
('Aim EC Herbicide','Bean dried',True),
('Aim EC Herbicide','Bearberry',True),
('Aim EC Herbicide','Beechnut',True),
('Aim EC Herbicide','Beet root',True),
('Aim EC Herbicide','Bell pepper',True),
('Aim EC Herbicide','Beltsville bunching onion',True),
('Aim EC Herbicide','Bentgrass',True),
('Aim EC Herbicide','Bermudagrass',True),
('Aim EC Herbicide','Bibb lettuce',True),
('Aim EC Herbicide','Bilberry',True),
('Aim EC Herbicide','Bird’s-foot trefoil',True),
('Aim EC Herbicide','Biriba',True),
('Aim EC Herbicide','Bitter melon',True),
('Aim EC Herbicide','Black caraway',True),
('Aim EC Herbicide','Black currant',True),
('Aim EC Herbicide','Black pepper',True),
('Aim EC Herbicide','Black sapote',True),
('Aim EC Herbicide','Black walnut',True),
('Aim EC Herbicide','Blackberry',True),
('Aim EC Herbicide','Blackeyed pea',True),
('Aim EC Herbicide','Bluegrass',True),
('Aim EC Herbicide','Borage',True),
('Aim EC Herbicide','Boysenberry',True),
('Aim EC Herbicide','Brazil nut',True),
('Aim EC Herbicide','Brazilian pine',True),
('Aim EC Herbicide','Broad bean ',True),
('Aim EC Herbicide','Broccoli',True),
('Aim EC Herbicide','Bromegrass',True),
('Aim EC Herbicide','Brussels sprouts',True),
('Aim EC Herbicide','Buckwheat',True),
('Aim EC Herbicide','Buffalo currant',True),
('Aim EC Herbicide','Buffalograss',True),
('Aim EC Herbicide','Building',True),
('Aim EC Herbicide','Bunya',True),
('Aim EC Herbicide','Bur oak',True),
('Aim EC Herbicide','Burnet',True),
('Aim EC Herbicide','Butterhead lettuce',True),
('Aim EC Herbicide','Butternut',True),
('Aim EC Herbicide','Cabbage',True),
('Aim EC Herbicide','Cacao',True),
('Aim EC Herbicide','Cactus',True),
('Aim EC Herbicide','Cajou',True),
('Aim EC Herbicide','Calamondin',True),
('Aim EC Herbicide','Camomile',True),
('Aim EC Herbicide','Candlenut',True),
('Aim EC Herbicide','Canistel',True),
('Aim EC Herbicide','Canola',True),
('Aim EC Herbicide','Cantaloupe',True),
('Aim EC Herbicide','Caper buds',True),
('Aim EC Herbicide','Caraway',True),
('Aim EC Herbicide','Cardamom',True),
('Aim EC Herbicide','Cardoon',True),
('Aim EC Herbicide','Carpetgrass',True),
('Aim EC Herbicide','Carrot',True),
('Aim EC Herbicide','Casaba',True),
('Aim EC Herbicide','Cashew',True),
('Aim EC Herbicide','Cassava',True),
('Aim EC Herbicide','Cassia bark',True),
('Aim EC Herbicide','Cassia buds',True),
('Aim EC Herbicide','Castor oil plant',True),
('Aim EC Herbicide','Catnip',True),
('Aim EC Herbicide','Cauliflower',True),
('Aim EC Herbicide','Cavalo broccolo',True),
('Aim EC Herbicide','Celery',True),
('Aim EC Herbicide','Celtuce',True),
('Aim EC Herbicide','Centipedegrass',True),
('Aim EC Herbicide','Chayote fruit',True),
('Aim EC Herbicide','Chayote root',True),
('Aim EC Herbicide','Cherimoya',True),
('Aim EC Herbicide','Chervil',True),
('Aim EC Herbicide','Chestnut',True),
('Aim EC Herbicide','Chickpea',True),
('Aim EC Herbicide','Chicory',True),
('Aim EC Herbicide','Chile pepper',True),
('Aim EC Herbicide','Chilean guava',True),
('Aim EC Herbicide','Chinese artichoke',True),
('Aim EC Herbicide','Chinese broccoli ',True),
('Aim EC Herbicide','Chinese cabbage',True),
('Aim EC Herbicide','Chinese celery',True),
('Aim EC Herbicide','Chinese chive',True),
('Aim EC Herbicide','Chinese cucumber',True),
('Aim EC Herbicide','Chinese mustard',True),
('Aim EC Herbicide','Chinese mustard cabbage ',True),
('Aim EC Herbicide','Chinese parsley ',True),
('Aim EC Herbicide','Chinese quince',True),
('Aim EC Herbicide','Chinese spinach ',True),
('Aim EC Herbicide','Chinese tallowtree',True),
('Aim EC Herbicide','Chinese waxgourd ',True),
('Aim EC Herbicide','Chinquapin',True),
('Aim EC Herbicide','Chironja',True),
('Aim EC Herbicide','Chive',True),
('Aim EC Herbicide','Chufa',True),
('Aim EC Herbicide','Cilantro fresh leaves',True),
('Aim EC Herbicide','Cinnamon',True),
('Aim EC Herbicide','Citron',True),
('Aim EC Herbicide','Citron melon',True),
('Aim EC Herbicide','Clary',True),
('Aim EC Herbicide','Cloudberry',True),
('Aim EC Herbicide','Clove buds',True),
('Aim EC Herbicide','Clover seed',True),
('Aim EC Herbicide','Cocona',True),
('Aim EC Herbicide','Coconut',True),
('Aim EC Herbicide','Coffee',True),
('Aim EC Herbicide','Collards',True),
('Aim EC Herbicide','Common fennel',True),
('Aim EC Herbicide','Coquito nut',True),
('Aim EC Herbicide','Coriander seed',True),
('Aim EC Herbicide','Corn salad',True),
('Aim EC Herbicide','Costmary',True),
('Aim EC Herbicide','Cotton',True),
('Aim EC Herbicide','Cowpea',True),
('Aim EC Herbicide','Crabapple',True),
('Aim EC Herbicide','Crambe',True),
('Aim EC Herbicide','Cranberry',True),
('Aim EC Herbicide','Crenshaw melon',True),
('Aim EC Herbicide','Crimson clover',True),
('Aim EC Herbicide','Crownvetch',True),
('Aim EC Herbicide','Cucumber',True),
('Aim EC Herbicide','Culantro',True),
('Aim EC Herbicide','Cumin',True),
('Aim EC Herbicide','Cuphea',True),
('Aim EC Herbicide','Currant',True),
('Aim EC Herbicide','Curry leaf',True),
('Aim EC Herbicide','Custard apple',True),
('Aim EC Herbicide','Dandelion',True),
('Aim EC Herbicide','Dasheen',True),
('Aim EC Herbicide','Date',True),
('Aim EC Herbicide','Daylily bulb',True),
('Aim EC Herbicide','Dewberry',True),
('Aim EC Herbicide','Dika nut',True),
('Aim EC Herbicide','Dill',True),
('Aim EC Herbicide','Ditch',True),
('Aim EC Herbicide','Dock',True),
('Aim EC Herbicide','Durum wheat',True),
('Aim EC Herbicide','Echium',True),
('Aim EC Herbicide','Edible burdock',True),
('Aim EC Herbicide','Edible Canna',True),
('Aim EC Herbicide','Edible gourd',True),
('Aim EC Herbicide','Edible honeysuckle',True),
('Aim EC Herbicide','Edible-leaved chrysanthemum',True),
('Aim EC Herbicide','Eggplant',True),
('Aim EC Herbicide','Elderberry',True),
('Aim EC Herbicide','Elegans hosta',True),
('Aim EC Herbicide','Endive',True),
('Aim EC Herbicide','English walnut',True),
('Aim EC Herbicide','Escarole',True),
('Aim EC Herbicide','Euphorbia',True),
('Aim EC Herbicide','European barberry',True),
('Aim EC Herbicide','Evening primrose',True),
('Aim EC Herbicide','Fallow',True),
('Aim EC Herbicide','Feijoa',True),
('Aim EC Herbicide','Fence row',True),
('Aim EC Herbicide','Fenugreek',True),
('Aim EC Herbicide','Fig',True),
('Aim EC Herbicide','Filbert ',True),
('Aim EC Herbicide','Flax seed',True),
('Aim EC Herbicide','Florence fennel',True),
('Aim EC Herbicide','Fresh grape',True),
('Aim EC Herbicide','Fresh market tomato',True),
('Aim EC Herbicide','Fritillaria bulb',True),
('Aim EC Herbicide','Fritillaria leaves',True),
('Aim EC Herbicide','Fuzzy kiwifruit',True),
('Aim EC Herbicide','Garden beet',True),
('Aim EC Herbicide','Garden beet greens',True),
('Aim EC Herbicide','Garden cress',True),
('Aim EC Herbicide','Garden huckleberry',True),
('Aim EC Herbicide','Garden pea',True),
('Aim EC Herbicide','Garden purslane',True),
('Aim EC Herbicide','Garland chrysanthemum',True),
('Aim EC Herbicide','Garlic',True),
('Aim EC Herbicide','Gherkin',True),
('Aim EC Herbicide','Ginger',True),
('Aim EC Herbicide','Ginkgo',True),
('Aim EC Herbicide','Ginseng',True),
('Aim EC Herbicide','Globe artichoke',True),
('Aim EC Herbicide','Goji berry',True),
('Aim EC Herbicide','Gold of pleasure',True),
('Aim EC Herbicide','Gooseberry',True),
('Aim EC Herbicide','Grain lupine',True),
('Aim EC Herbicide','Grains of paradise',True),
('Aim EC Herbicide','Grapefruit',True),
('Aim EC Herbicide','Grass forage/hay',True),
('Aim EC Herbicide','Grasses',True),
('Aim EC Herbicide','Green bean',True),
('Aim EC Herbicide','Green onion',True),
('Aim EC Herbicide','Green pea',True),
('Aim EC Herbicide','Groundcherry',True),
('Aim EC Herbicide','Guar',True),
('Aim EC Herbicide','Guava',True),
('Aim EC Herbicide','Guayule',True),
('Aim EC Herbicide','Guiana chestnut',True),
('Aim EC Herbicide','Hardy kiwifruit',True),
('Aim EC Herbicide','Hare\'s ear mustard',True),
('Aim EC Herbicide','Head lettuce',True),
('Aim EC Herbicide','Heartnut',True),
('Aim EC Herbicide','Hickory nut',True),
('Aim EC Herbicide','Highbush blueberry',True),
('Aim EC Herbicide','Highbush cranberry',True),
('Aim EC Herbicide','Honey balls',True),
('Aim EC Herbicide','Honeydew melon',True),
('Aim EC Herbicide','Hop',True),
('Aim EC Herbicide','Horehound',True),
('Aim EC Herbicide','Horseradish',True),
('Aim EC Herbicide','Huckleberry',True),
('Aim EC Herbicide','Hyssop',True),
('Aim EC Herbicide','Ilama',True),
('Aim EC Herbicide','Indian mulberry',True),
('Aim EC Herbicide','Jaboticaba',True),
('Aim EC Herbicide','Jackbean',True),
('Aim EC Herbicide','Japanese horse-chestnut',True),
('Aim EC Herbicide','Japanese quince',True),
('Aim EC Herbicide','Jerusalem artichoke',True),
('Aim EC Herbicide','Jojoba',True),
('Aim EC Herbicide','Jostaberry',True),
('Aim EC Herbicide','Juniper berry',True),
('Aim EC Herbicide','Kale',True),
('Aim EC Herbicide','Kikuyugrass',True),
('Aim EC Herbicide','Kohlrabi',True),
('Aim EC Herbicide','Kudzu',True),
('Aim EC Herbicide','Kumquat',True),
('Aim EC Herbicide','Kurrat',True),
('Aim EC Herbicide','Ladino clover',True),
('Aim EC Herbicide','Lady\'s leek',True),
('Aim EC Herbicide','Lavender',True),
('Aim EC Herbicide','Leaf lettuce',True),
('Aim EC Herbicide','Leafy amaranth',True),
('Aim EC Herbicide','Leek',True),
('Aim EC Herbicide','Lemon',True),
('Aim EC Herbicide','Lemongrass',True),
('Aim EC Herbicide','Lentil',True),
('Aim EC Herbicide','Leren',True),
('Aim EC Herbicide','Lespedeza',True),
('Aim EC Herbicide','Lesquerella',True),
('Aim EC Herbicide','Lily bulb',True),
('Aim EC Herbicide','Lima bean dried',True),
('Aim EC Herbicide','Lima bean succulent',True),
('Aim EC Herbicide','Lime',True),
('Aim EC Herbicide','Lingonberry',True),
('Aim EC Herbicide','Lipstick plant',True),
('Aim EC Herbicide','Loganberry',True),
('Aim EC Herbicide','Longan',True),
('Aim EC Herbicide','Loquat',True),
('Aim EC Herbicide','Lovage',True),
('Aim EC Herbicide','Lowbush blueberry',True),
('Aim EC Herbicide','Lunaria',True),
('Aim EC Herbicide','Lupine',True),
('Aim EC Herbicide','Lychee',True),
('Aim EC Herbicide','Macadamia nut',True),
('Aim EC Herbicide','Mace',True),
('Aim EC Herbicide','Mamey sapote',True),
('Aim EC Herbicide','Mandarin orange',True),
('Aim EC Herbicide','Mango',True),
('Aim EC Herbicide','Mango melon',True),
('Aim EC Herbicide','Marigold',True),
('Aim EC Herbicide','Marjoram ',True),
('Aim EC Herbicide','Martynia',True),
('Aim EC Herbicide','Mayhaw',True),
('Aim EC Herbicide','Maypop',True),
('Aim EC Herbicide','Meadowfoam',True),
('Aim EC Herbicide','Medlar',True),
('Aim EC Herbicide','Melon',True),
('Aim EC Herbicide','Milkvetch',True),
('Aim EC Herbicide','Milkweed',True),
('Aim EC Herbicide','Mint',True),
('Aim EC Herbicide','Mizuna',True),
('Aim EC Herbicide','Mongongo nut',True),
('Aim EC Herbicide','Monkey puzzle nut',True),
('Aim EC Herbicide','Monkey-pot',True),
('Aim EC Herbicide','Mung bean',True),
('Aim EC Herbicide','Muntries',True),
('Aim EC Herbicide','Muskmelon',True),
('Aim EC Herbicide','Mustard greens',True),
('Aim EC Herbicide','Mustard seed',True),
('Aim EC Herbicide','Mustard spinach',True),
('Aim EC Herbicide','Napier grass',True),
('Aim EC Herbicide','Naranjilla',True),
('Aim EC Herbicide','Nasturtium',True),
('Aim EC Herbicide','Native currant',True),
('Aim EC Herbicide','Navel orange',True),
('Aim EC Herbicide','Nectarine',True),
('Aim EC Herbicide','New Zealand spinach',True),
('Aim EC Herbicide','Niger seed',True),
('Aim EC Herbicide','Non-bell pepper',True),
('Aim EC Herbicide','Non-crop area',True),
('Aim EC Herbicide','Nutmeg',True),
('Aim EC Herbicide','Oil radish',True),
('Aim EC Herbicide','Okari nut',True),
('Aim EC Herbicide','Okra',True),
('Aim EC Herbicide','Olallieberry',True),
('Aim EC Herbicide','Olive',True),
('Aim EC Herbicide','Onion bulb',True),
('Aim EC Herbicide','Onion seed',True),
('Aim EC Herbicide','Orach',True),
('Aim EC Herbicide','Orchardgrass',True),
('Aim EC Herbicide','Oyster plant ',True),
('Aim EC Herbicide','Pachira nut',True),
('Aim EC Herbicide','Palm hearts',True),
('Aim EC Herbicide','Papaya',True),
('Aim EC Herbicide','Parsley',True),
('Aim EC Herbicide','Parsnip',True),
('Aim EC Herbicide','Partridgeberry',True),
('Aim EC Herbicide','Passionfruit',True),
('Aim EC Herbicide','Pasture',True),
('Aim EC Herbicide','Pawpaw',True),
('Aim EC Herbicide','Pea dried',True),
('Aim EC Herbicide','Peach',True),
('Aim EC Herbicide','Peach palm nut',True),
('Aim EC Herbicide','Peanut',True),
('Aim EC Herbicide','Pear',True),
('Aim EC Herbicide','Pearl millet',True),
('Aim EC Herbicide','Pecan',True),
('Aim EC Herbicide','Pennyroyal',True),
('Aim EC Herbicide','Pepino',True),
('Aim EC Herbicide','Peppermint',True),
('Aim EC Herbicide','Pequi',True),
('Aim EC Herbicide','Persian melon',True),
('Aim EC Herbicide','Persimmon',True),
('Aim EC Herbicide','Pigeon pea',True),
('Aim EC Herbicide','Pili nut',True),
('Aim EC Herbicide','Pine nut',True),
('Aim EC Herbicide','Pistachio',True),
('Aim EC Herbicide','Plum',True),
('Aim EC Herbicide','Plumcot',True),
('Aim EC Herbicide','Pomegranate',True),
('Aim EC Herbicide','Popcorn',True),
('Aim EC Herbicide','Poppy seed',True),
('Aim EC Herbicide','Potato',True),
('Aim EC Herbicide','Proso millet',True),
('Aim EC Herbicide','Pulasan',True),
('Aim EC Herbicide','Pummelo',True),
('Aim EC Herbicide','Pumpkin',True),
('Aim EC Herbicide','Quince',True),
('Aim EC Herbicide','Radicchio ',True),
('Aim EC Herbicide','Raisin grape',True),
('Aim EC Herbicide','Rambutan',True),
('Aim EC Herbicide','Rangeland',True),
('Aim EC Herbicide','Rape',True),
('Aim EC Herbicide','Rape greens',True),
('Aim EC Herbicide','Rapeseed',True),
('Aim EC Herbicide','Raspberry',True),
('Aim EC Herbicide','Red clover',True),
('Aim EC Herbicide','Red currant',True),
('Aim EC Herbicide','Rhubarb',True),
('Aim EC Herbicide','Rice',True),
('Aim EC Herbicide','Romaine lettuce',True),
('Aim EC Herbicide','Roquette',True),
('Aim EC Herbicide','Rose hip',True),
('Aim EC Herbicide','Roselle',True),
('Aim EC Herbicide','Rosemary',True),
('Aim EC Herbicide','Rue',True),
('Aim EC Herbicide','Rutabaga',True),
('Aim EC Herbicide','Rye',True),
('Aim EC Herbicide','Ryegrass',True),
('Aim EC Herbicide','Safflower',True),
('Aim EC Herbicide','Saffron',True),
('Aim EC Herbicide','Sage',True),
('Aim EC Herbicide','Sainfoin',True),
('Aim EC Herbicide','Salal',True),
('Aim EC Herbicide','Salsify root',True),
('Aim EC Herbicide','Salsify top',True),
('Aim EC Herbicide','Sapodilla',True),
('Aim EC Herbicide','Sapucaia nut',True),
('Aim EC Herbicide','Satsuma mandarin',True),
('Aim EC Herbicide','Savory',True),
('Aim EC Herbicide','Scallion',True),
('Aim EC Herbicide','Schisandra berry',True),
('Aim EC Herbicide','Sea buckthorn',True),
('Aim EC Herbicide','Seeded tomato',True),
('Aim EC Herbicide','Sesame',True),
('Aim EC Herbicide','Shallot bulb',True),
('Aim EC Herbicide','Shallot fresh leaves',True),
('Aim EC Herbicide','Shelter belt',True),
('Aim EC Herbicide','Sorghum',True),
('Aim EC Herbicide','Sour orange',True),
('Aim EC Herbicide','Soursop',True),
('Aim EC Herbicide','Soybean',True),
('Aim EC Herbicide','Spanish lime',True),
('Aim EC Herbicide','Spanish onion',True),
('Aim EC Herbicide','Spearmint',True),
('Aim EC Herbicide','Spinach',True),
('Aim EC Herbicide','Spring barley',True),
('Aim EC Herbicide','Spring wheat',True),
('Aim EC Herbicide','Star anise',True),
('Aim EC Herbicide','Star apple',True),
('Aim EC Herbicide','Starfruit',True),
('Aim EC Herbicide','Stokes aster',True),
('Aim EC Herbicide','Storage area',True),
('Aim EC Herbicide','Strawberry',True),
('Aim EC Herbicide','Sugar apple',True),
('Aim EC Herbicide','Sugar beet',True),
('Aim EC Herbicide','Sugar cane',True),
('Aim EC Herbicide','Summer squash',True),
('Aim EC Herbicide','Sunberry',True),
('Aim EC Herbicide','Sunflower',True),
('Aim EC Herbicide','Sweet cherry',True),
('Aim EC Herbicide','Sweet lupine',True),
('Aim EC Herbicide','Sweet orange',True),
('Aim EC Herbicide','Sweet potato',True),
('Aim EC Herbicide','Sweet rocket',True),
('Aim EC Herbicide','Sweetclover',True),
('Aim EC Herbicide','Swiss chard',True),
('Aim EC Herbicide','Switchgrass',True),
('Aim EC Herbicide','Tallowwood',True),
('Aim EC Herbicide','Tangelo',True),
('Aim EC Herbicide','Tangor',True),
('Aim EC Herbicide','Tanier ',True),
('Aim EC Herbicide','Tansy',True),
('Aim EC Herbicide','Tarragon',True),
('Aim EC Herbicide','Tart cherry',True),
('Aim EC Herbicide','Tea',True),
('Aim EC Herbicide','Tea oil plant',True),
('Aim EC Herbicide','Teff',True),
('Aim EC Herbicide','Tejocote',True),
('Aim EC Herbicide','Teosinte',True),
('Aim EC Herbicide','Thyme',True),
('Aim EC Herbicide','Timothy',True),
('Aim EC Herbicide','Tobacco',True),
('Aim EC Herbicide','Tomatillo',True),
('Aim EC Herbicide','Transplanted tomato',True),
('Aim EC Herbicide','Trefoil',True),
('Aim EC Herbicide','Triticale',True),
('Aim EC Herbicide','Tropical almond',True),
('Aim EC Herbicide','True yam',True),
('Aim EC Herbicide','Turfgrass',True),
('Aim EC Herbicide','Turmeric',True),
('Aim EC Herbicide','Turnip',True),
('Aim EC Herbicide','Turnip greens',True),
('Aim EC Herbicide','Turnip-rooted chervil',True),
('Aim EC Herbicide','Turnip-rooted parsley',True),
('Aim EC Herbicide','Uniq fruit',True),
('Aim EC Herbicide','Upland cress',True),
('Aim EC Herbicide','Valencia orange',True),
('Aim EC Herbicide','Vanilla',True),
('Aim EC Herbicide','Velvet bean',True),
('Aim EC Herbicide','Vernonia',True),
('Aim EC Herbicide','Vetch',True),
('Aim EC Herbicide','Vine spinach',True),
('Aim EC Herbicide','Watermelon',True),
('Aim EC Herbicide','Wax jambu',True),
('Aim EC Herbicide','White clover',True),
('Aim EC Herbicide','White lupine',True),
('Aim EC Herbicide','White pepper',True),
('Aim EC Herbicide','White sapote',True),
('Aim EC Herbicide','Wine grape',True),
('Aim EC Herbicide','Winter purslane',True),
('Aim EC Herbicide','Winter squash',True),
('Aim EC Herbicide','Wintergreen',True),
('Aim EC Herbicide','Woodruff',True),
('Aim EC Herbicide','Wormwood',True),
('Aim EC Herbicide','Yellowhorn',True),
('Aim EC Herbicide','Youngberry',True),
('Aim EC Herbicide','Zoysia grass',True);
INSERT INTO SprayData (sprayName,plantName,safe) values ('Command 3ME','Cabbage',True),
('Command 3ME','Cantaloupe',True),
('Command 3ME','Casaba',True),
('Command 3ME','Cassava',True),
('Command 3ME','Chile pepper',True),
('Command 3ME','Cotton',True),
('Command 3ME','Crenshaw melon',True),
('Command 3ME','Cucumber',True),
('Command 3ME','Garden pea',True),
('Command 3ME','Green bean',True),
('Command 3ME','Green pea',True),
('Command 3ME','Honey balls',True),
('Command 3ME','Honeydew melon',True),
('Command 3ME','Lima bean succulent',True),
('Command 3ME','Mango melon',True),
('Command 3ME','Melon',True),
('Command 3ME','Mint',True),
('Command 3ME','Muskmelon',True),
('Command 3ME','Non-bell pepper',True),
('Command 3ME','Peppermint',True),
('Command 3ME','Persian melon',True),
('Command 3ME','Pumpkin',True),
('Command 3ME','Rice',True),
('Command 3ME','Soybean',True),
('Command 3ME','Spearmint',True),
('Command 3ME','Sugar cane',True),
('Command 3ME','Summer squash',True),
('Command 3ME','Sweet potato',True),
('Command 3ME','Tanier ',True),
('Command 3ME','Tobacco',True),
('Command 3ME','True yam',True),
('Command 3ME','Watermelon',True),
('Command 3ME','Winter squash',True);
['2,4-D Amine 4 Albough', '2,4-D Amine 4 WinField', 'Aatrex  4L', 'Aatrex Nin-O', 'Aim EC Herbicide', 'Balan DF', 'Basagran', 'Bicyclopyrone + Bromoxynil', 'Command 3ME', 'Pre-San Granular', 'Prefar 4-E']
INSERT INTO SprayData (sprayName,plantName,safe) values ('2,4-D Amine 4 WinField','Alligatorweed',False),
('2,4-D Amine 4 WinField','Annual smartweed',False),
('2,4-D Amine 4 WinField','Annual sowthistle',False),
('2,4-D Amine 4 WinField','Annual yellow sweet clover',False),
('2,4-D Amine 4 WinField','Ash',False),
('2,4-D Amine 4 WinField','Aspen',False),
('2,4-D Amine 4 WinField','Beggarticks',False),
('2,4-D Amine 4 WinField','Big sagebrush',False),
('2,4-D Amine 4 WinField','Birch',False),
('2,4-D Amine 4 WinField','Bitter sneezeweed',False),
('2,4-D Amine 4 WinField','Blue beech',False),
('2,4-D Amine 4 WinField','Blue lettuce',False),
('2,4-D Amine 4 WinField','Boxelder',False),
('2,4-D Amine 4 WinField','Broom snakeweed',False),
('2,4-D Amine 4 WinField','Buckbrush',False),
('2,4-D Amine 4 WinField','Buckhorn plantain',False),
('2,4-D Amine 4 WinField','Bull thistle',False),
('2,4-D Amine 4 WinField','Burdock',False),
('2,4-D Amine 4 WinField','Buttercup',False),
('2,4-D Amine 4 WinField','Canada thistle',False),
('2,4-D Amine 4 WinField','Carpetweed',False),
('2,4-D Amine 4 WinField','Cascara',False),
('2,4-D Amine 4 WinField','Catnip',False),
('2,4-D Amine 4 WinField','Ceanothus',False),
('2,4-D Amine 4 WinField','Chamise',False),
('2,4-D Amine 4 WinField','Chaparral species',False),
('2,4-D Amine 4 WinField','Cherry',False),
('2,4-D Amine 4 WinField','Chickweed',False),
('2,4-D Amine 4 WinField','Chicory',False),
('2,4-D Amine 4 WinField','Chinquapin',False),
('2,4-D Amine 4 WinField','Climbing milkweed',False),
('2,4-D Amine 4 WinField','Coastal sage',False),
('2,4-D Amine 4 WinField','Cocklebur',False),
('2,4-D Amine 4 WinField','Coffeeweed',False),
('2,4-D Amine 4 WinField','Common eveningprimrose',False),
('2,4-D Amine 4 WinField','Common morningglory',False),
('2,4-D Amine 4 WinField','Common mullein',False),
('2,4-D Amine 4 WinField','Common ragweed',False),
('2,4-D Amine 4 WinField','Common waterplantain',False),
('2,4-D Amine 4 WinField','Cornflower',False),
('2,4-D Amine 4 WinField','Coyote brush',False),
('2,4-D Amine 4 WinField','Croton',False),
('2,4-D Amine 4 WinField','Curly indigo',False),
('2,4-D Amine 4 WinField','Dandelion',False),
('2,4-D Amine 4 WinField','Dock',False),
('2,4-D Amine 4 WinField','Dogbane',False),
('2,4-D Amine 4 WinField','Dogwood',False),
('2,4-D Amine 4 WinField','Duckweed',False),
('2,4-D Amine 4 WinField','Dwarf mallow',False),
('2,4-D Amine 4 WinField','Elderberry',False),
('2,4-D Amine 4 WinField','Elm',False),
('2,4-D Amine 4 WinField','Eurasian watermilfoil',False),
('2,4-D Amine 4 WinField','European bindweed',False),
('2,4-D Amine 4 WinField','False dandelion',False),
('2,4-D Amine 4 WinField','Fanweed',False),
('2,4-D Amine 4 WinField','Field bindweed',False),
('2,4-D Amine 4 WinField','Field pennycress',False),
('2,4-D Amine 4 WinField','Field pepperweed',False),
('2,4-D Amine 4 WinField','Galinsoga',False),
('2,4-D Amine 4 WinField','Giant ragweed',False),
('2,4-D Amine 4 WinField','Goatsbeard',False),
('2,4-D Amine 4 WinField','Goldenrod',False),
('2,4-D Amine 4 WinField','Ground ivy',False),
('2,4-D Amine 4 WinField','Hawthorn',False),
('2,4-D Amine 4 WinField','Hazel brush',False),
('2,4-D Amine 4 WinField','Hedge bindweed',False),
('2,4-D Amine 4 WinField','Hemp',False),
('2,4-D Amine 4 WinField','Henbit',False),
('2,4-D Amine 4 WinField','Hickory',False),
('2,4-D Amine 4 WinField','Hoary cress',False),
('2,4-D Amine 4 WinField','Ivy morningglory',False),
('2,4-D Amine 4 WinField','Jerusalem artichoke',False),
('2,4-D Amine 4 WinField','Jewelweed',False),
('2,4-D Amine 4 WinField','Jimsonweed',False),
('2,4-D Amine 4 WinField','Klamathweed',False),
('2,4-D Amine 4 WinField','Knotweed',False),
('2,4-D Amine 4 WinField','Kochia',False),
('2,4-D Amine 4 WinField','Lambsquarters',False),
('2,4-D Amine 4 WinField','Little mallow',False),
('2,4-D Amine 4 WinField','Locoweed',False),
('2,4-D Amine 4 WinField','Madrone',False),
('2,4-D Amine 4 WinField','Many flowered aster',False),
('2,4-D Amine 4 WinField','Manzanita',False),
('2,4-D Amine 4 WinField','Maple',False),
('2,4-D Amine 4 WinField','Marshelder',False),
('2,4-D Amine 4 WinField','Milkvetch',False),
('2,4-D Amine 4 WinField','Musk thistle',False),
('2,4-D Amine 4 WinField','Mustard',False),
('2,4-D Amine 4 WinField','Nettle',False),
('2,4-D Amine 4 WinField','Nutgrass',False),
('2,4-D Amine 4 WinField','Oak',False),
('2,4-D Amine 4 WinField','Orange hawkweed',False),
('2,4-D Amine 4 WinField','Parrot feather',False),
('2,4-D Amine 4 WinField','Pecan',False),
('2,4-D Amine 4 WinField','Pennycress',False),
('2,4-D Amine 4 WinField','Perennial sowthistle',False),
('2,4-D Amine 4 WinField','Pigweed',False),
('2,4-D Amine 4 WinField','Plantain',False),
('2,4-D Amine 4 WinField','Poison ivy',False),
('2,4-D Amine 4 WinField','Pokeweed',False),
('2,4-D Amine 4 WinField','Poorjoe',False),
('2,4-D Amine 4 WinField','Poplar',False),
('2,4-D Amine 4 WinField','Prickly lettuce',False),
('2,4-D Amine 4 WinField','Puncturevine',False),
('2,4-D Amine 4 WinField','Purslane',False),
('2,4-D Amine 4 WinField','Rabbitbrush',False),
('2,4-D Amine 4 WinField','Red maple',False),
('2,4-D Amine 4 WinField','Rough fleabane',False),
('2,4-D Amine 4 WinField','Rush',False),
('2,4-D Amine 4 WinField','Russian thistle',False),
('2,4-D Amine 4 WinField','Sagebrush',False),
('2,4-D Amine 4 WinField','Salsify',False),
('2,4-D Amine 4 WinField','Sand sagebrush',False),
('2,4-D Amine 4 WinField','Sand shinnery oak',False),
('2,4-D Amine 4 WinField','Serviceberry',False),
('2,4-D Amine 4 WinField','Sheep sorrel',False),
('2,4-D Amine 4 WinField','Shepherdspurse',False),
('2,4-D Amine 4 WinField','Sicklepod',False),
('2,4-D Amine 4 WinField','Southern wild rose',False),
('2,4-D Amine 4 WinField','Spiny sowthistle',False),
('2,4-D Amine 4 WinField','Stinkweed',False),
('2,4-D Amine 4 WinField','Sumac',False),
('2,4-D Amine 4 WinField','Sunflower',False),
('2,4-D Amine 4 WinField','Sweetgum',False),
('2,4-D Amine 4 WinField','Tan oak',False),
('2,4-D Amine 4 WinField','Tansy ragwort',False),
('2,4-D Amine 4 WinField','Tansymustard',False),
('2,4-D Amine 4 WinField','Tumbleweed',False),
('2,4-D Amine 4 WinField','Velvetleaf',False),
('2,4-D Amine 4 WinField','Venice mallow',False),
('2,4-D Amine 4 WinField','Vervain',False),
('2,4-D Amine 4 WinField','Vetch',False),
('2,4-D Amine 4 WinField','Waterhyacinth',False),
('2,4-D Amine 4 WinField','Waterlily',False),
('2,4-D Amine 4 WinField','Waterprimrose',False),
('2,4-D Amine 4 WinField','Wild carrot',False),
('2,4-D Amine 4 WinField','Wild garlic',False),
('2,4-D Amine 4 WinField','Wild lettuce',False),
('2,4-D Amine 4 WinField','Wild onion',False),
('2,4-D Amine 4 WinField','Wild parsnip',False),
('2,4-D Amine 4 WinField','Wild radish',False),
('2,4-D Amine 4 WinField','Wild sweet potato',False),
('2,4-D Amine 4 WinField','Willow',False),
('2,4-D Amine 4 WinField','Witchweed',False),
('2,4-D Amine 4 WinField','Woolly morningglory',False),
('2,4-D Amine 4 WinField','Woolly plantain',False),
('2,4-D Amine 4 WinField','Wormwood',False),
('2,4-D Amine 4 WinField','Yellow rocket',False),
('2,4-D Amine 4 WinField','Yellow starthistle',False),
('2,4-D Amine 4 Albough','Alligatorweed',False),
('2,4-D Amine 4 Albough','Annual smartweed',False),
('2,4-D Amine 4 Albough','Annual sowthistle',False),
('2,4-D Amine 4 Albough','Annual yellow sweet clover',False),
('2,4-D Amine 4 Albough','Ash',False),
('2,4-D Amine 4 Albough','Aspen',False),
('2,4-D Amine 4 Albough','Beggarticks',False),
('2,4-D Amine 4 Albough','Big sagebrush',False),
('2,4-D Amine 4 Albough','Birch',False),
('2,4-D Amine 4 Albough','Bitter sneezeweed',False),
('2,4-D Amine 4 Albough','Blue beech',False),
('2,4-D Amine 4 Albough','Blue lettuce',False),
('2,4-D Amine 4 Albough','Boxelder',False),
('2,4-D Amine 4 Albough','Broom snakeweed',False),
('2,4-D Amine 4 Albough','Buckbrush',False),
('2,4-D Amine 4 Albough','Buckhorn plantain',False),
('2,4-D Amine 4 Albough','Bull thistle',False),
('2,4-D Amine 4 Albough','Burdock',False),
('2,4-D Amine 4 Albough','Buttercup',False),
('2,4-D Amine 4 Albough','Canada thistle',False),
('2,4-D Amine 4 Albough','Carpetweed',False),
('2,4-D Amine 4 Albough','Cascara',False),
('2,4-D Amine 4 Albough','Catnip',False),
('2,4-D Amine 4 Albough','Ceanothus',False),
('2,4-D Amine 4 Albough','Chamise',False),
('2,4-D Amine 4 Albough','Chaparral species',False),
('2,4-D Amine 4 Albough','Cherry',False),
('2,4-D Amine 4 Albough','Chickweed',False),
('2,4-D Amine 4 Albough','Chicory',False),
('2,4-D Amine 4 Albough','Chinquapin',False),
('2,4-D Amine 4 Albough','Climbing milkweed',False),
('2,4-D Amine 4 Albough','Coastal sage',False),
('2,4-D Amine 4 Albough','Cocklebur',False),
('2,4-D Amine 4 Albough','Coffeeweed',False),
('2,4-D Amine 4 Albough','Common eveningprimrose',False),
('2,4-D Amine 4 Albough','Common morningglory',False),
('2,4-D Amine 4 Albough','Common mullein',False),
('2,4-D Amine 4 Albough','Common ragweed',False),
('2,4-D Amine 4 Albough','Common waterplantain',False),
('2,4-D Amine 4 Albough','Cornflower',False),
('2,4-D Amine 4 Albough','Coyote brush',False),
('2,4-D Amine 4 Albough','Croton',False),
('2,4-D Amine 4 Albough','Curly indigo',False),
('2,4-D Amine 4 Albough','Dandelion',False),
('2,4-D Amine 4 Albough','Dock',False),
('2,4-D Amine 4 Albough','Dogbane',False),
('2,4-D Amine 4 Albough','Dogwood',False),
('2,4-D Amine 4 Albough','Duckweed',False),
('2,4-D Amine 4 Albough','Dwarf mallow',False),
('2,4-D Amine 4 Albough','Elderberry',False),
('2,4-D Amine 4 Albough','Elm',False),
('2,4-D Amine 4 Albough','Eurasian watermilfoil',False),
('2,4-D Amine 4 Albough','European bindweed',False),
('2,4-D Amine 4 Albough','False dandelion',False),
('2,4-D Amine 4 Albough','Fanweed',False),
('2,4-D Amine 4 Albough','Field bindweed',False),
('2,4-D Amine 4 Albough','Field pennycress',False),
('2,4-D Amine 4 Albough','Field pepperweed',False),
('2,4-D Amine 4 Albough','Galinsoga',False),
('2,4-D Amine 4 Albough','Giant ragweed',False),
('2,4-D Amine 4 Albough','Goatsbeard',False),
('2,4-D Amine 4 Albough','Goldenrod',False),
('2,4-D Amine 4 Albough','Ground ivy',False),
('2,4-D Amine 4 Albough','Hawthorn',False),
('2,4-D Amine 4 Albough','Hazel brush',False),
('2,4-D Amine 4 Albough','Hedge bindweed',False),
('2,4-D Amine 4 Albough','Hemp',False),
('2,4-D Amine 4 Albough','Henbit',False),
('2,4-D Amine 4 Albough','Hickory',False),
('2,4-D Amine 4 Albough','Hoary cress',False),
('2,4-D Amine 4 Albough','Ivy morningglory',False),
('2,4-D Amine 4 Albough','Jerusalem artichoke',False),
('2,4-D Amine 4 Albough','Jewelweed',False),
('2,4-D Amine 4 Albough','Jimsonweed',False),
('2,4-D Amine 4 Albough','Klamathweed',False),
('2,4-D Amine 4 Albough','Knotweed',False),
('2,4-D Amine 4 Albough','Kochia',False),
('2,4-D Amine 4 Albough','Lambsquarters',False),
('2,4-D Amine 4 Albough','Little mallow',False),
('2,4-D Amine 4 Albough','Locoweed',False),
('2,4-D Amine 4 Albough','Madrone',False),
('2,4-D Amine 4 Albough','Many flowered aster',False),
('2,4-D Amine 4 Albough','Manzanita',False),
('2,4-D Amine 4 Albough','Maple',False),
('2,4-D Amine 4 Albough','Marshelder',False),
('2,4-D Amine 4 Albough','Milkvetch',False),
('2,4-D Amine 4 Albough','Musk thistle',False),
('2,4-D Amine 4 Albough','Mustard',False),
('2,4-D Amine 4 Albough','Nettle',False),
('2,4-D Amine 4 Albough','Nutgrass',False),
('2,4-D Amine 4 Albough','Oak',False),
('2,4-D Amine 4 Albough','Orange hawkweed',False),
('2,4-D Amine 4 Albough','Parrot feather',False),
('2,4-D Amine 4 Albough','Pecan',False),
('2,4-D Amine 4 Albough','Pennycress',False),
('2,4-D Amine 4 Albough','Perennial sowthistle',False),
('2,4-D Amine 4 Albough','Pigweed',False),
('2,4-D Amine 4 Albough','Plantain',False),
('2,4-D Amine 4 Albough','Poison ivy',False),
('2,4-D Amine 4 Albough','Pokeweed',False),
('2,4-D Amine 4 Albough','Poorjoe',False),
('2,4-D Amine 4 Albough','Poplar',False),
('2,4-D Amine 4 Albough','Prickly lettuce',False),
('2,4-D Amine 4 Albough','Puncturevine',False),
('2,4-D Amine 4 Albough','Purslane',False),
('2,4-D Amine 4 Albough','Rabbitbrush',False),
('2,4-D Amine 4 Albough','Red maple',False),
('2,4-D Amine 4 Albough','Rough fleabane',False),
('2,4-D Amine 4 Albough','Rush',False),
('2,4-D Amine 4 Albough','Russian thistle',False),
('2,4-D Amine 4 Albough','Sagebrush',False),
('2,4-D Amine 4 Albough','Salsify',False),
('2,4-D Amine 4 Albough','Sand sagebrush',False),
('2,4-D Amine 4 Albough','Sand shinnery oak',False),
('2,4-D Amine 4 Albough','Serviceberry',False),
('2,4-D Amine 4 Albough','Sheep sorrel',False),
('2,4-D Amine 4 Albough','Shepherdspurse',False),
('2,4-D Amine 4 Albough','Sicklepod',False),
('2,4-D Amine 4 Albough','Southern wild rose',False),
('2,4-D Amine 4 Albough','Spiny sowthistle',False),
('2,4-D Amine 4 Albough','Stinkweed',False),
('2,4-D Amine 4 Albough','Sumac',False),
('2,4-D Amine 4 Albough','Sunflower',False),
('2,4-D Amine 4 Albough','Sweetgum',False),
('2,4-D Amine 4 Albough','Tan oak',False),
('2,4-D Amine 4 Albough','Tansy ragwort',False),
('2,4-D Amine 4 Albough','Tansymustard',False),
('2,4-D Amine 4 Albough','Tumbleweed',False),
('2,4-D Amine 4 Albough','Velvetleaf',False),
('2,4-D Amine 4 Albough','Venice mallow',False),
('2,4-D Amine 4 Albough','Vervain',False),
('2,4-D Amine 4 Albough','Vetch',False),
('2,4-D Amine 4 Albough','Waterhyacinth',False),
('2,4-D Amine 4 Albough','Waterlily',False),
('2,4-D Amine 4 Albough','Waterprimrose',False),
('2,4-D Amine 4 Albough','Wild carrot',False),
('2,4-D Amine 4 Albough','Wild garlic',False),
('2,4-D Amine 4 Albough','Wild lettuce',False),
('2,4-D Amine 4 Albough','Wild onion',False),
('2,4-D Amine 4 Albough','Wild parsnip',False),
('2,4-D Amine 4 Albough','Wild radish',False),
('2,4-D Amine 4 Albough','Wild sweet potato',False),
('2,4-D Amine 4 Albough','Willow',False),
('2,4-D Amine 4 Albough','Witchweed',False),
('2,4-D Amine 4 Albough','Woolly morningglory',False),
('2,4-D Amine 4 Albough','Woolly plantain',False),
('2,4-D Amine 4 Albough','Wormwood',False),
('2,4-D Amine 4 Albough','Yellow rocket',False),
('2,4-D Amine 4 Albough','Yellow starthistle',False);
INSERT INTO SprayData (sprayName,plantName,safe) values ('Aatrex  4L','Annual bluegrass',False),
('Aatrex  4L','Annual morningglory',False),
('Aatrex  4L','Annual ragweed',False),
('Aatrex  4L','Annual thistle',False),
('Aatrex  4L','Artilleryweed',False),
('Aatrex  4L','Barnyardgrass',False),
('Aatrex  4L','Black nightshade',False),
('Aatrex  4L','Burclover',False),
('Aatrex  4L','Buttonweed',False),
('Aatrex  4L','Carpetweed',False),
('Aatrex  4L','Cheat',False),
('Aatrex  4L','Cheatgrass',False),
('Aatrex  4L','Chess',False),
('Aatrex  4L','Chickweed',False),
('Aatrex  4L','Cocklebur',False),
('Aatrex  4L','Common broomweed',False),
('Aatrex  4L','Common lambsquarters',False),
('Aatrex  4L','Corn speedwell',False),
('Aatrex  4L','Crabgrass',False),
('Aatrex  4L','Downy brome',False),
('Aatrex  4L','Fall panicum',False),
('Aatrex  4L','Field pennycress',False),
('Aatrex  4L','Fireweed',False),
('Aatrex  4L','Foxtail',False),
('Aatrex  4L','Giant foxtail',False),
('Aatrex  4L','Green foxtail',False),
('Aatrex  4L','Groundcherry',False),
('Aatrex  4L','Hairy crabgrass',False),
('Aatrex  4L','Henbit',False),
('Aatrex  4L','Hop clover',False),
('Aatrex  4L','Japanese brome',False),
('Aatrex  4L','Jimsonweed',False),
('Aatrex  4L','Junglerice',False),
('Aatrex  4L','Kentucky bluegrass',False),
('Aatrex  4L','Kochia',False),
('Aatrex  4L','Lambsquarters',False),
('Aatrex  4L','Large crabgrass',False),
('Aatrex  4L','Little barley',False),
('Aatrex  4L','Marestail',False),
('Aatrex  4L','Medusahead',False),
('Aatrex  4L','Mustard',False),
('Aatrex  4L','Nightshade',False),
('Aatrex  4L','Panicum capillare',False),
('Aatrex  4L','Pellitory weed',False),
('Aatrex  4L','Pigweed',False),
('Aatrex  4L','Prickly lettuce',False),
('Aatrex  4L','Purslane',False),
('Aatrex  4L','Quackgrass',False),
('Aatrex  4L','Ragweed',False),
('Aatrex  4L','Russian thistle',False),
('Aatrex  4L','Sagewort',False),
('Aatrex  4L','Scarlet pimpernel',False),
('Aatrex  4L','Seedling dock',False),
('Aatrex  4L','Sicklepod',False),
('Aatrex  4L','Smartweed',False),
('Aatrex  4L','Smooth brome',False),
('Aatrex  4L','Sowthistle',False),
('Aatrex  4L','Spanishneedles',False),
('Aatrex  4L','Spiny amaranth',False),
('Aatrex  4L','Spurweed',False),
('Aatrex  4L','Sunflower',False),
('Aatrex  4L','Tumble mustard',False),
('Aatrex  4L','Velvetleaf',False),
('Aatrex  4L','Volunteer wheat',False),
('Aatrex  4L','Watergrass',False),
('Aatrex  4L','Wild buckwheat',False),
('Aatrex  4L','Wild lettuce',False),
('Aatrex  4L','Wild oat',False),
('Aatrex  4L','Wild sunflower',False),
('Aatrex  4L','Wiregrass',False),
('Aatrex  4L','Witchgrass',False),
('Aatrex  4L','Yellow foxtail',False),
('Aatrex Nin-O','Annual bluegrass',False),
('Aatrex Nin-O','Annual morningglory',False),
('Aatrex Nin-O','Annual ragweed',False),
('Aatrex Nin-O','Annual thistle',False),
('Aatrex Nin-O','Artilleryweed',False),
('Aatrex Nin-O','Barnyardgrass',False),
('Aatrex Nin-O','Black nightshade',False),
('Aatrex Nin-O','Burclover',False),
('Aatrex Nin-O','Buttonweed',False),
('Aatrex Nin-O','Carpetweed',False),
('Aatrex Nin-O','Cheat',False),
('Aatrex Nin-O','Cheatgrass',False),
('Aatrex Nin-O','Chess',False),
('Aatrex Nin-O','Chickweed',False),
('Aatrex Nin-O','Cocklebur',False),
('Aatrex Nin-O','Common broomweed',False),
('Aatrex Nin-O','Common lambsquarters',False),
('Aatrex Nin-O','Corn speedwell',False),
('Aatrex Nin-O','Crabgrass',False),
('Aatrex Nin-O','Downy brome',False),
('Aatrex Nin-O','Fall panicum',False),
('Aatrex Nin-O','Field pennycress',False),
('Aatrex Nin-O','Fireweed',False),
('Aatrex Nin-O','Foxtail',False),
('Aatrex Nin-O','Giant foxtail',False),
('Aatrex Nin-O','Green foxtail',False),
('Aatrex Nin-O','Groundcherry',False),
('Aatrex Nin-O','Hairy crabgrass',False),
('Aatrex Nin-O','Henbit',False),
('Aatrex Nin-O','Hop clover',False),
('Aatrex Nin-O','Japanese brome',False),
('Aatrex Nin-O','Jimsonweed',False),
('Aatrex Nin-O','Junglerice',False),
('Aatrex Nin-O','Kentucky bluegrass',False),
('Aatrex Nin-O','Kochia',False),
('Aatrex Nin-O','Lambsquarters',False),
('Aatrex Nin-O','Large crabgrass',False),
('Aatrex Nin-O','Little barley',False),
('Aatrex Nin-O','Marestail',False),
('Aatrex Nin-O','Medusahead',False),
('Aatrex Nin-O','Mustard',False),
('Aatrex Nin-O','Nightshade',False),
('Aatrex Nin-O','Panicum capillare',False),
('Aatrex Nin-O','Pellitory weed',False),
('Aatrex Nin-O','Pigweed',False),
('Aatrex Nin-O','Prickly lettuce',False),
('Aatrex Nin-O','Purslane',False),
('Aatrex Nin-O','Quackgrass',False),
('Aatrex Nin-O','Ragweed',False),
('Aatrex Nin-O','Russian thistle',False),
('Aatrex Nin-O','Sagewort',False),
('Aatrex Nin-O','Scarlet pimpernel',False),
('Aatrex Nin-O','Seedling dock',False),
('Aatrex Nin-O','Sicklepod',False),
('Aatrex Nin-O','Smartweed',False),
('Aatrex Nin-O','Smooth brome',False),
('Aatrex Nin-O','Sowthistle',False),
('Aatrex Nin-O','Spanishneedles',False),
('Aatrex Nin-O','Spiny amaranth',False),
('Aatrex Nin-O','Spurweed',False),
('Aatrex Nin-O','Sunflower',False),
('Aatrex Nin-O','Tumble mustard',False),
('Aatrex Nin-O','Velvetleaf',False),
('Aatrex Nin-O','Volunteer wheat',False),
('Aatrex Nin-O','Watergrass',False),
('Aatrex Nin-O','Wild buckwheat',False),
('Aatrex Nin-O','Wild lettuce',False),
('Aatrex Nin-O','Wild oat',False),
('Aatrex Nin-O','Wild sunflower',False),
('Aatrex Nin-O','Wiregrass',False),
('Aatrex Nin-O','Witchgrass',False),
('Aatrex Nin-O','Yellow foxtail',False);
INSERT INTO SprayData (sprayName,plantName,safe) values ('Prefar 4-E','Common lambsquarters',False),
('Prefar 4-E','Corn spurry',False),
('Prefar 4-E','Crabgrass',False),
('Prefar 4-E','Fall panicum',False),
('Prefar 4-E','Foxtail',False),
('Prefar 4-E','Goosegrass',False),
('Prefar 4-E','Junglerice',False),
('Prefar 4-E','Lambsquarters',False),
('Prefar 4-E','Nettleleaf goosefoot',False),
('Prefar 4-E','Purslane',False),
('Prefar 4-E','Redroot pigweed',False),
('Prefar 4-E','Sprangletop',False),
('Prefar 4-E','Watergrass',False),
('Pre-San Granular','Common lambsquarters',False),
('Pre-San Granular','Corn spurry',False),
('Pre-San Granular','Crabgrass',False),
('Pre-San Granular','Fall panicum',False),
('Pre-San Granular','Foxtail',False),
('Pre-San Granular','Goosegrass',False),
('Pre-San Granular','Junglerice',False),
('Pre-San Granular','Lambsquarters',False),
('Pre-San Granular','Nettleleaf goosefoot',False),
('Pre-San Granular','Purslane',False),
('Pre-San Granular','Redroot pigweed',False),
('Pre-San Granular','Sprangletop',False),
('Pre-San Granular','Watergrass',False);
INSERT INTO SprayData (sprayName,plantName,safe) values ;
INSERT INTO SprayData (sprayName,plantName,safe) values ('Balan DF','Barnyardgrass',False),
('Balan DF','Bottlegrass',False),
('Balan DF','Bristlegrass',False),
('Balan DF','Buffalograss',False),
('Balan DF','Carelessweed',False),
('Balan DF','Carpetweed',False),
('Balan DF','Chickweed',False),
('Balan DF','Coloradograss',False),
('Balan DF','Common lambsquarters',False),
('Balan DF','Common purslane',False),
('Balan DF','Crabgrass',False),
('Balan DF','Crowfootgrass',False),
('Balan DF','Fall panicum',False),
('Balan DF','Field sandbur',False),
('Balan DF','Florida purslane',False),
('Balan DF','Florida pusley',False),
('Balan DF','Foxtail',False),
('Balan DF','Giant foxtail',False),
('Balan DF','Green foxtail',False),
('Balan DF','Italian ryegrass',False),
('Balan DF','Junglerice',False),
('Balan DF','Knotweed',False),
('Balan DF','Large crabgrass',False),
('Balan DF','Mexican clover',False),
('Balan DF','Pigeongrass',False),
('Balan DF','Pigweed',False),
('Balan DF','Prostrate pigweed',False),
('Balan DF','Pusley',False),
('Balan DF','Redmaids',False),
('Balan DF','Redroot pigweed',False),
('Balan DF','Robust white foxtail',False),
('Balan DF','Rough pigweed',False),
('Balan DF','Smooth crabgrass',False),
('Balan DF','Spiny amaranth',False),
('Balan DF','Texas panicum',False),
('Balan DF','Watergrass',False),
('Balan DF','Yellow foxtail',False);
INSERT INTO SprayData (sprayName,plantName,safe) values ('Bicyclopyrone + Bromoxynil','Black nightshade',False),
('Bicyclopyrone + Bromoxynil','Blue mustard',False),
('Bicyclopyrone + Bromoxynil','Buckhorn plantain',False),
('Bicyclopyrone + Bromoxynil','Canada thistle',False),
('Bicyclopyrone + Bromoxynil','Catchweed bedstraw',False),
('Bicyclopyrone + Bromoxynil','Coast fiddleneck',False),
('Bicyclopyrone + Bromoxynil','Common chickweed',False),
('Bicyclopyrone + Bromoxynil','Common cocklebur',False),
('Bicyclopyrone + Bromoxynil','Common lambsquarters',False),
('Bicyclopyrone + Bromoxynil','Common ragweed',False),
('Bicyclopyrone + Bromoxynil','Common waterhemp',False),
('Bicyclopyrone + Bromoxynil','Cutleaf nightshade',False),
('Bicyclopyrone + Bromoxynil','Dandelion',False),
('Bicyclopyrone + Bromoxynil','Dogfennel',False),
('Bicyclopyrone + Bromoxynil','Eastern black nightshade',False),
('Bicyclopyrone + Bromoxynil','Field pennycress',False),
('Bicyclopyrone + Bromoxynil','Flixweed',False),
('Bicyclopyrone + Bromoxynil','Giant ragweed',False),
('Bicyclopyrone + Bromoxynil','Hairy nightshade',False),
('Bicyclopyrone + Bromoxynil','Hempnettle',False),
('Bicyclopyrone + Bromoxynil','Henbit',False),
('Bicyclopyrone + Bromoxynil','Horseweed',False),
('Bicyclopyrone + Bromoxynil','Jim Hill mustard',False),
('Bicyclopyrone + Bromoxynil','Kochia',False),
('Bicyclopyrone + Bromoxynil','Ladysthumb',False),
('Bicyclopyrone + Bromoxynil','London rocket',False),
('Bicyclopyrone + Bromoxynil','Marestail',False),
('Bicyclopyrone + Bromoxynil','Mayweed chamomile',False),
('Bicyclopyrone + Bromoxynil','Mouseear chickweed',False),
('Bicyclopyrone + Bromoxynil','Narrowleaf hawksbeard',False),
('Bicyclopyrone + Bromoxynil','Nightflowering catchfly',False),
('Bicyclopyrone + Bromoxynil','Palmer amaranth',False),
('Bicyclopyrone + Bromoxynil','Palmer pigweed',False),
('Bicyclopyrone + Bromoxynil','Pennsylvania smartweed',False),
('Bicyclopyrone + Bromoxynil','Prickly lettuce',False),
('Bicyclopyrone + Bromoxynil','Prostrate pigweed',False),
('Bicyclopyrone + Bromoxynil','Puncturevine',False),
('Bicyclopyrone + Bromoxynil','Purple deadnettle',False),
('Bicyclopyrone + Bromoxynil','Redroot pigweed',False),
('Bicyclopyrone + Bromoxynil','Russian thistle',False),
('Bicyclopyrone + Bromoxynil','Shepherdspurse',False),
('Bicyclopyrone + Bromoxynil','Smooth pigweed',False),
('Bicyclopyrone + Bromoxynil','Sunflower',False),
('Bicyclopyrone + Bromoxynil','Tall waterhemp',False),
('Bicyclopyrone + Bromoxynil','Tansymustard',False),
('Bicyclopyrone + Bromoxynil','Tumble mustard',False),
('Bicyclopyrone + Bromoxynil','Velvetleaf',False),
('Bicyclopyrone + Bromoxynil','Venice mallow',False),
('Bicyclopyrone + Bromoxynil','Volunteer canola',False),
('Bicyclopyrone + Bromoxynil','Wild buckwheat',False),
('Bicyclopyrone + Bromoxynil','Wild mustard',False),
('Bicyclopyrone + Bromoxynil','Wild radish',False);
INSERT INTO SprayData (sprayName,plantName,safe) values ('Aim EC Herbicide','American black nightshade',False),
('Aim EC Herbicide','Annual arrowhead',False),
('Aim EC Herbicide','Annual sowthistle',False),
('Aim EC Herbicide','Balsamapple',False),
('Aim EC Herbicide','Bitter sneezeweed',False),
('Aim EC Herbicide','Bittercress',False),
('Aim EC Herbicide','Black nightshade',False),
('Aim EC Herbicide','Broadleaf filaree',False),
('Aim EC Herbicide','Broadleaf weeds',False),
('Aim EC Herbicide','Buffalobur',False),
('Aim EC Herbicide','Burclover',False),
('Aim EC Herbicide','Burning nettle',False),
('Aim EC Herbicide','Burweed',False),
('Aim EC Herbicide','Bushy wallflower',False),
('Aim EC Herbicide','Buttercup',False),
('Aim EC Herbicide','California arrowhead',False),
('Aim EC Herbicide','Canada thistle',False),
('Aim EC Herbicide','Carpetweed',False),
('Aim EC Herbicide','Catchweed bedstraw',False),
('Aim EC Herbicide','Cheeseweed',False),
('Aim EC Herbicide','Coast fiddleneck',False),
('Aim EC Herbicide','Cocklebur',False),
('Aim EC Herbicide','Common cocklebur',False),
('Aim EC Herbicide','Common lambsquarters',False),
('Aim EC Herbicide','Common mallow',False),
('Aim EC Herbicide','Common purslane',False),
('Aim EC Herbicide','Common waterhemp',False),
('Aim EC Herbicide','Common waterplantain',False),
('Aim EC Herbicide','Corn spurry',False),
('Aim EC Herbicide','Cotton',False),
('Aim EC Herbicide','Crop thinning',False),
('Aim EC Herbicide','Cutleaf groundcherry',False),
('Aim EC Herbicide','Dayflower',False),
('Aim EC Herbicide','Dogfennel',False),
('Aim EC Herbicide','Ducksalad',False),
('Aim EC Herbicide','Eastern black nightshade',False),
('Aim EC Herbicide','Eclipta',False),
('Aim EC Herbicide','Entireleaf morningglory',False),
('Aim EC Herbicide','Field bindweed',False),
('Aim EC Herbicide','Field pennycress',False),
('Aim EC Herbicide','Flixweed',False),
('Aim EC Herbicide','Growth regulator',False),
('Aim EC Herbicide','Hairy nightshade',False),
('Aim EC Herbicide','Harvest aid',False),
('Aim EC Herbicide','Hemp sesbania',False),
('Aim EC Herbicide','Hophornbeam copperleaf',False),
('Aim EC Herbicide','Horsenettle',False),
('Aim EC Herbicide','Indian joint vetch',False),
('Aim EC Herbicide','Ivyleaf morningglory',False),
('Aim EC Herbicide','Ivyleaf speedwell',False),
('Aim EC Herbicide','Jimsonweed',False),
('Aim EC Herbicide','Kochia',False),
('Aim EC Herbicide','Lambsquarters',False),
('Aim EC Herbicide','Lanceleaf sage',False),
('Aim EC Herbicide','London rocket',False),
('Aim EC Herbicide','Meadowfoam',False),
('Aim EC Herbicide','Morningglory',False),
('Aim EC Herbicide','Mustard',False),
('Aim EC Herbicide','Northern joint vetch',False),
('Aim EC Herbicide','Palmer amaranth',False),
('Aim EC Herbicide','Pennsylvania smartweed',False),
('Aim EC Herbicide','Pigweed',False),
('Aim EC Herbicide','Pitted morningglory',False),
('Aim EC Herbicide','Prickly lettuce',False),
('Aim EC Herbicide','Primocane',False),
('Aim EC Herbicide','Prostrate pigweed',False),
('Aim EC Herbicide','Prostrate spurge',False),
('Aim EC Herbicide','Purple ammania',False),
('Aim EC Herbicide','Redmaids',False),
('Aim EC Herbicide','Redroot pigweed',False),
('Aim EC Herbicide','Redstem',False),
('Aim EC Herbicide','Redstem filaree',False),
('Aim EC Herbicide','Redweed',False),
('Aim EC Herbicide','Rice flatsedge',False),
('Aim EC Herbicide','Ricefield bulrush',False),
('Aim EC Herbicide','Russian thistle',False),
('Aim EC Herbicide','Scarlet morningglory',False),
('Aim EC Herbicide','Shepherdspurse',False),
('Aim EC Herbicide','Smallflower umbrellaplant',False),
('Aim EC Herbicide','Smooth groundcherry',False),
('Aim EC Herbicide','Smooth pigweed',False),
('Aim EC Herbicide','Sowthistle',False),
('Aim EC Herbicide','Speedwell',False),
('Aim EC Herbicide','Spiny amaranth',False),
('Aim EC Herbicide','Spreading dayflower',False),
('Aim EC Herbicide','Spurred anoda',False),
('Aim EC Herbicide','Stinging nettle',False),
('Aim EC Herbicide','Suckers',False),
('Aim EC Herbicide','Tall waterhemp',False),
('Aim EC Herbicide','Tansymustard',False),
('Aim EC Herbicide','Texasweed',False),
('Aim EC Herbicide','Tropical spiderwort',False),
('Aim EC Herbicide','Tumble mustard',False),
('Aim EC Herbicide','Tumble pigweed',False),
('Aim EC Herbicide','Velvetleaf',False),
('Aim EC Herbicide','Venice mallow',False),
('Aim EC Herbicide','Waterhemp',False),
('Aim EC Herbicide','Waterhyssop',False),
('Aim EC Herbicide','Whitestem filaree',False),
('Aim EC Herbicide','Wild buckwheat',False),
('Aim EC Herbicide','Woolly croton',False),
('Aim EC Herbicide','Wright groundcherry',False);
INSERT INTO SprayData (sprayName,plantName,safe) values ('Command 3ME','Barnyardgrass',False),
('Command 3ME','Bermudagrass',False),
('Command 3ME','Black nightshade',False),
('Command 3ME','Black seeded plantain',False),
('Command 3ME','Broadleaf signalgrass',False),
('Command 3ME','Cocklebur',False),
('Command 3ME','Common panicum',False),
('Command 3ME','Common ragweed',False),
('Command 3ME','Curly dock',False),
('Command 3ME','Dayflower',False),
('Command 3ME','Fall panicum',False),
('Command 3ME','Field sandbur',False),
('Command 3ME','Florida beggarweed',False),
('Command 3ME','Florida pusley',False),
('Command 3ME','Galinsoga',False),
('Command 3ME','Giant foxtail',False),
('Command 3ME','Goosegrass',False),
('Command 3ME','Green foxtail',False),
('Command 3ME','Itchgrass',False),
('Command 3ME','Jimsonweed',False),
('Command 3ME','Joint vetch',False),
('Command 3ME','Junglerice',False),
('Command 3ME','Kochia',False),
('Command 3ME','Ladysthumb smartweed',False),
('Command 3ME','Lambsquarters',False),
('Command 3ME','Large crabgrass',False),
('Command 3ME','Pennsylvania smartweed',False),
('Command 3ME','Pitted morningglory',False),
('Command 3ME','Prickly sida',False),
('Command 3ME','Prostrate spurge',False),
('Command 3ME','Purple foxtail',False),
('Command 3ME','Purslane',False),
('Command 3ME','Red rice',False),
('Command 3ME','Redroot pigweed',False),
('Command 3ME','Redvine',False),
('Command 3ME','Redweed',False),
('Command 3ME','Robust foxtail',False),
('Command 3ME','Shattercane',False),
('Command 3ME','Smartweed',False),
('Command 3ME','Smooth crabgrass',False),
('Command 3ME','Smooth pigweed',False),
('Command 3ME','Southwestern cupgrass',False),
('Command 3ME','Sprangletop',False),
('Command 3ME','Spurred anoda',False),
('Command 3ME','Texas panicum',False),
('Command 3ME','Tropic croton',False),
('Command 3ME','Velvetleaf',False),
('Command 3ME','Venice mallow',False),
('Command 3ME','Watergrass',False),
('Command 3ME','Wild poinsettia',False),
('Command 3ME','Wild proso millet',False),
('Command 3ME','Woolly cupgrass',False),
('Command 3ME','Yellow foxtail',False);
